{
  "project_info": {
    "project_number": "479156105598",
    "project_id": "prco303sl-abdec",
    "storage_bucket": "prco303sl-abdec.appspot.com"
  },
  "client": [
    {
      "client_info": {
        "mobilesdk_app_id": "1:479156105598:android:11dee893234499760d032f",
        "android_client_info": {
          "package_name": "com.example.police_app"
        }
      },
      "oauth_client": [
        {
          "client_id": "479156105598-lajh4jjjltiptlsf672fb7uarto8v06g.apps.googleusercontent.com",
          "client_type": 3
        }
      ],
      "api_key": [
        {
          "current_key": "AIzaSyBtg8wgEUh419nMI8T8CPbSH9cPWe0JeOM"
        }
      ],
      "services": {
        "appinvite_service": {
          "other_platform_oauth_client": [
            {
              "client_id": "479156105598-lajh4jjjltiptlsf672fb7uarto8v06g.apps.googleusercontent.com",
              "client_type": 3
            }
          ]
        }
      }
    }
  ],
  "configuration_version": "1"
}